{"IcoMoonType":"selection","icons":[{"icon":{"paths":["M480 704h-480v256h960v-256h-480zM896 832h-128v-64h128v64zM224 320l256-256 256 256h-160v320h-192v-320z"],"tags":["upload","load","open"],"defaultCode":59848,"grid":16,"attrs":[]},"attrs":[],"properties":{"ligatures":"upload3, load3","name":"upload3","order":8,"id":201,"prevSize":32,"code":59848},"setIdx":0,"setId":1,"iconIdx":200}],"height":1024,"metadata":{"name":"icomoon"},"preferences":{"showGlyphs":true,"showQuickUse":true,"showQuickUse2":true,"showSVGs":true,"fontPref":{"prefix":"icon-","metadata":{"fontFamily":"icomoon"},"metrics":{"emSize":1024,"baseline":6.25,"whitespace":50},"embed":false},"imagePref":{"prefix":"icon-","png":true,"useClassSelector":true,"color":0,"bgColor":16777215,"classSelector":".icon"},"historySize":50,"showCodes":true,"gridSize":16}}